{"base_lr": 3.555233464028593e-05, "lr": 3.555233464028593e-05, "data_time": 0.24141817092895507, "loss": 2.5494630336761475, "loss_cls": 1.7793999671936036, "loss_bbox": 0.770063066482544, "time": 0.6172745227813721, "epoch": 1, "iter": 5, "memory": 1443, "step": 5}
{"base_lr": 7.995414430691422e-05, "lr": 7.995414430691422e-05, "data_time": 0.23511297702789308, "loss": 2.7777688026428224, "loss_cls": 1.9791978240013122, "loss_bbox": 0.7985709488391877, "time": 0.4800358533859253, "epoch": 1, "iter": 10, "memory": 1402, "step": 10}
