{"base_lr": 3.555233464028593e-05, "lr": 3.555233464028593e-05, "data_time": 7.879751300811767, "loss": 3.094732666015625, "loss_cls": 2.2665951013565064, "loss_bbox": 0.8281375288963317, "time": 12.22057065963745, "epoch": 1, "iter": 5, "memory": 1438, "step": 5}
{"base_lr": 7.995414430691422e-05, "lr": 7.995414430691422e-05, "data_time": 4.13625750541687, "loss": 2.9344334602355957, "loss_cls": 2.1216967940330504, "loss_bbox": 0.8127366602420807, "time": 6.405177736282349, "epoch": 1, "iter": 10, "memory": 1553, "step": 10}
{"base_lr": 7.988663648155625e-05, "lr": 7.988663648155625e-05, "data_time": 2.8870575269063314, "loss": 2.8476473013559978, "loss_cls": 2.0251897096633913, "loss_bbox": 0.8224575718243917, "time": 4.470472240447998, "epoch": 1, "iter": 15, "memory": 1480, "step": 15}
{"base_lr": 7.97898473063935e-05, "lr": 7.97898473063935e-05, "data_time": 2.257496678829193, "loss": 2.767485427856445, "loss_cls": 1.9549456298351289, "loss_bbox": 0.8125397741794587, "time": 3.4904293417930603, "epoch": 1, "iter": 20, "memory": 1459, "step": 20}
{"base_lr": 7.966385158832868e-05, "lr": 7.966385158832868e-05, "data_time": 1.8728780460357666, "loss": 2.741169099807739, "loss_cls": 1.9291346979141235, "loss_bbox": 0.8120343780517578, "time": 2.894769401550293, "epoch": 1, "iter": 25, "memory": 1476, "step": 25}
{"base_lr": 7.950874670756374e-05, "lr": 7.950874670756374e-05, "data_time": 1.6171454826990763, "loss": 2.714138221740723, "loss_cls": 1.9052659392356872, "loss_bbox": 0.8088722586631775, "time": 2.4973464965820313, "epoch": 1, "iter": 30, "memory": 1439, "step": 30}
{"base_lr": 7.932465254233614e-05, "lr": 7.932465254233614e-05, "data_time": 1.4348851816994803, "loss": 2.673146152496338, "loss_cls": 1.866276294844491, "loss_bbox": 0.8068698423249381, "time": 2.2149988787514823, "epoch": 1, "iter": 35, "memory": 1561, "step": 35}
{"base_lr": 7.911171137626677e-05, "lr": 7.911171137626677e-05, "data_time": 1.297161465883255, "loss": 2.6401633620262146, "loss_cls": 1.8385623067617416, "loss_bbox": 0.8016010358929634, "time": 2.001455616950989, "epoch": 1, "iter": 40, "memory": 1448, "step": 40}
