{"base_lr": 3.555233464028593e-05, "lr": 3.555233464028593e-05, "data_time": 0.2202610969543457, "loss": 2.757216215133667, "loss_cls": 1.915643000602722, "loss_bbox": 0.8415731906890869, "time": 0.595217227935791, "epoch": 1, "iter": 5, "memory": 1457, "step": 5}
{"base_lr": 7.995414430691422e-05, "lr": 7.995414430691422e-05, "data_time": 0.2030489206314087, "loss": 2.8108415365219117, "loss_cls": 1.9682851433753967, "loss_bbox": 0.8425564050674439, "time": 0.44875712394714357, "epoch": 1, "iter": 10, "memory": 1382, "step": 10}
{"base_lr": 7.988663648155625e-05, "lr": 7.988663648155625e-05, "data_time": 0.2062748908996582, "loss": 2.8060776074727376, "loss_cls": 1.988499895731608, "loss_bbox": 0.8175777077674866, "time": 0.408298397064209, "epoch": 1, "iter": 15, "memory": 1472, "step": 15}
{"base_lr": 7.97898473063935e-05, "lr": 7.97898473063935e-05, "data_time": 0.2097698926925659, "loss": 2.73821040391922, "loss_cls": 1.925001060962677, "loss_bbox": 0.8132093369960784, "time": 0.39251208305358887, "epoch": 1, "iter": 20, "memory": 1477, "step": 20}
{"base_lr": 7.966385158832868e-05, "lr": 7.966385158832868e-05, "data_time": 0.2088187599182129, "loss": 2.716907138824463, "loss_cls": 1.8949449110031127, "loss_bbox": 0.8219622325897217, "time": 0.3773769283294678, "epoch": 1, "iter": 25, "memory": 1607, "step": 25}
{"base_lr": 7.950874670756374e-05, "lr": 7.950874670756374e-05, "data_time": 0.20749887625376384, "loss": 2.663460906346639, "loss_cls": 1.848009967803955, "loss_bbox": 0.8154509365558624, "time": 0.3673427184422811, "epoch": 1, "iter": 30, "memory": 1422, "step": 30}
{"base_lr": 7.932465254233614e-05, "lr": 7.932465254233614e-05, "data_time": 0.22085556302751813, "loss": 2.666121448789324, "loss_cls": 1.8500944239752632, "loss_bbox": 0.8160270265170506, "time": 0.3736641270773751, "epoch": 1, "iter": 35, "memory": 1579, "step": 35}
{"base_lr": 7.911171137626677e-05, "lr": 7.911171137626677e-05, "data_time": 0.22023355960845947, "loss": 2.642697036266327, "loss_cls": 1.8216658532619476, "loss_bbox": 0.8210311844944954, "time": 0.3678876459598541, "epoch": 1, "iter": 40, "memory": 1548, "step": 40}
{"base_lr": 7.887008778839107e-05, "lr": 7.887008778839107e-05, "data_time": 0.2200502554575602, "loss": 2.627188555399577, "loss_cls": 1.8047408660252888, "loss_bbox": 0.8224476893742879, "time": 0.3639889823065864, "epoch": 1, "iter": 45, "memory": 1457, "step": 45}
{"base_lr": 7.85999685259584e-05, "lr": 7.85999685259584e-05, "data_time": 0.22162198066711425, "loss": 2.607116289138794, "loss_cls": 1.789358901977539, "loss_bbox": 0.8177573895454406, "time": 0.36282244205474856, "epoch": 1, "iter": 50, "memory": 1413, "step": 50}
{"base_lr": 7.830156236009783e-05, "lr": 7.830156236009783e-05, "data_time": 0.222565655708313, "loss": 2.563620100021362, "loss_cls": 1.7565994000434875, "loss_bbox": 0.8070207059383392, "time": 0.33817440032958984, "epoch": 1, "iter": 55, "memory": 1469, "step": 55}
