{"base_lr": 3.555233464028593e-05, "lr": 3.555233464028593e-05, "data_time": 0.2216017723083496, "loss": 2.6847871780395507, "loss_cls": 1.8657253503799438, "loss_bbox": 0.81906179189682, "time": 0.6035716533660889, "epoch": 1, "iter": 5, "memory": 1404, "step": 5}
{"base_lr": 7.995414430691422e-05, "lr": 7.995414430691422e-05, "data_time": 0.22407431602478028, "loss": 2.6766419649124145, "loss_cls": 1.8548757433891296, "loss_bbox": 0.821766197681427, "time": 0.4740206480026245, "epoch": 1, "iter": 10, "memory": 1449, "step": 10}
{"base_lr": 7.988663648155625e-05, "lr": 7.988663648155625e-05, "data_time": 0.23066237767537434, "loss": 2.676060708363851, "loss_cls": 1.8634679635365805, "loss_bbox": 0.8125927488009135, "time": 0.4365922133127848, "epoch": 1, "iter": 15, "memory": 1447, "step": 15}
{"base_lr": 7.97898473063935e-05, "lr": 7.97898473063935e-05, "data_time": 0.23138000965118408, "loss": 2.7010637760162353, "loss_cls": 1.887054717540741, "loss_bbox": 0.8140090733766556, "time": 0.4149617075920105, "epoch": 1, "iter": 20, "memory": 1423, "step": 20}
{"base_lr": 7.966385158832868e-05, "lr": 7.966385158832868e-05, "data_time": 0.23254240036010743, "loss": 2.691373109817505, "loss_cls": 1.883908805847168, "loss_bbox": 0.8074643230438232, "time": 0.40224130630493166, "epoch": 1, "iter": 25, "memory": 1451, "step": 25}
