{"base_lr": 3.555233464028593e-05, "lr": 3.555233464028593e-05, "data_time": 0.2554640293121338, "loss": 2.866557264328003, "loss_cls": 2.0663896083831785, "loss_bbox": 0.8001676678657532, "time": 0.6356819152832032, "epoch": 1, "iter": 5, "memory": 1450, "step": 5}
{"base_lr": 7.995414430691422e-05, "lr": 7.995414430691422e-05, "data_time": 0.25472044944763184, "loss": 2.7827489137649537, "loss_cls": 1.9725763559341432, "loss_bbox": 0.8101725518703461, "time": 0.5013887166976929, "epoch": 1, "iter": 10, "memory": 1416, "step": 10}
{"base_lr": 7.988663648155625e-05, "lr": 7.988663648155625e-05, "data_time": 0.2587964375813802, "loss": 2.753694264094035, "loss_cls": 1.9728596846262614, "loss_bbox": 0.7808345675468444, "time": 0.461494509379069, "epoch": 1, "iter": 15, "memory": 1417, "step": 15}
