{"base_lr": 3.555233464028593e-05, "lr": 3.555233464028593e-05, "data_time": 0.276990270614624, "loss": 2.5475415706634523, "loss_cls": 1.809463334083557, "loss_bbox": 0.7380782485008239, "time": 0.6560311794281006, "epoch": 1, "iter": 5, "memory": 1444, "step": 5}
{"base_lr": 7.995414430691422e-05, "lr": 7.995414430691422e-05, "data_time": 0.25695247650146485, "loss": 2.6601141929626464, "loss_cls": 1.8840465068817138, "loss_bbox": 0.7760676801204681, "time": 0.5033175230026246, "epoch": 1, "iter": 10, "memory": 1408, "step": 10}
{"base_lr": 7.988663648155625e-05, "lr": 7.988663648155625e-05, "data_time": 0.2545460065205892, "loss": 2.6709834416707356, "loss_cls": 1.8764016469319662, "loss_bbox": 0.7945818106333414, "time": 0.45829666455586754, "epoch": 1, "iter": 15, "memory": 1438, "step": 15}
