{"base_lr": 3.555233464028593e-05, "lr": 3.555233464028593e-05, "data_time": 0.2530067920684814, "loss": 2.6793063163757322, "loss_cls": 1.802200436592102, "loss_bbox": 0.8771059036254882, "time": 0.6186781406402588, "epoch": 1, "iter": 5, "memory": 1430, "step": 5}
{"base_lr": 7.995414430691422e-05, "lr": 7.995414430691422e-05, "data_time": 0.24387040138244628, "loss": 2.62548189163208, "loss_cls": 1.7825461864471435, "loss_bbox": 0.8429357469081878, "time": 0.48739421367645264, "epoch": 1, "iter": 10, "memory": 1479, "step": 10}
{"base_lr": 7.988663648155625e-05, "lr": 7.988663648155625e-05, "data_time": 0.2290998617808024, "loss": 2.6725246906280518, "loss_cls": 1.8354357481002808, "loss_bbox": 0.837088962395986, "time": 0.4299101034800212, "epoch": 1, "iter": 15, "memory": 1404, "step": 15}
{"base_lr": 7.97898473063935e-05, "lr": 7.97898473063935e-05, "data_time": 0.224232280254364, "loss": 2.662952697277069, "loss_cls": 1.8351391851902008, "loss_bbox": 0.8278135269880295, "time": 0.40520836114883424, "epoch": 1, "iter": 20, "memory": 1456, "step": 20}
