{"base_lr": 3.555233464028593e-05, "lr": 3.555233464028593e-05, "data_time": 0.27066287994384763, "loss": 2.903077411651611, "loss_cls": 2.009258341789246, "loss_bbox": 0.8938191056251525, "time": 0.6518879890441894, "epoch": 1, "iter": 5, "memory": 1419, "step": 5}
{"base_lr": 7.995414430691422e-05, "lr": 7.995414430691422e-05, "data_time": 0.24959309101104737, "loss": 2.8105502843856813, "loss_cls": 1.9309496641159059, "loss_bbox": 0.8796006381511688, "time": 0.49739880561828614, "epoch": 1, "iter": 10, "memory": 1422, "step": 10}
{"base_lr": 7.988663648155625e-05, "lr": 7.988663648155625e-05, "data_time": 0.24133469263712565, "loss": 2.7424630482991534, "loss_cls": 1.8980992158253989, "loss_bbox": 0.8443638324737549, "time": 0.44272327423095703, "epoch": 1, "iter": 15, "memory": 1422, "step": 15}
{"base_lr": 7.97898473063935e-05, "lr": 7.97898473063935e-05, "data_time": 0.24567569494247438, "loss": 2.709211003780365, "loss_cls": 1.8677359104156495, "loss_bbox": 0.84147509932518, "time": 0.4265140891075134, "epoch": 1, "iter": 20, "memory": 1456, "step": 20}
{"base_lr": 7.966385158832868e-05, "lr": 7.966385158832868e-05, "data_time": 0.2390892505645752, "loss": 2.6781266021728514, "loss_cls": 1.8418061876296996, "loss_bbox": 0.8363204097747803, "time": 0.40678451538085936, "epoch": 1, "iter": 25, "memory": 1472, "step": 25}
{"base_lr": 7.950874670756374e-05, "lr": 7.950874670756374e-05, "data_time": 0.2366553544998169, "loss": 2.6534460465113323, "loss_cls": 1.8098699728647867, "loss_bbox": 0.8435760696729024, "time": 0.3968289534250895, "epoch": 1, "iter": 30, "memory": 1496, "step": 30}
{"base_lr": 7.932465254233614e-05, "lr": 7.932465254233614e-05, "data_time": 0.2319026129586356, "loss": 2.6272816044943674, "loss_cls": 1.7941090788160052, "loss_bbox": 0.8331725120544433, "time": 0.3870181219918387, "epoch": 1, "iter": 35, "memory": 1456, "step": 35}
