{"base_lr": 3.555233464028593e-05, "lr": 3.555233464028593e-05, "data_time": 0.20984978675842286, "loss": 2.6726629734039307, "loss_cls": 1.9301514148712158, "loss_bbox": 0.7425115585327149, "time": 0.5781171321868896, "epoch": 1, "iter": 5, "memory": 1475, "step": 5}
{"base_lr": 7.995414430691422e-05, "lr": 7.995414430691422e-05, "data_time": 0.21412622928619385, "loss": 2.7259192943572996, "loss_cls": 1.9436625719070435, "loss_bbox": 0.7822567045688629, "time": 0.45647497177124025, "epoch": 1, "iter": 10, "memory": 1441, "step": 10}
{"base_lr": 7.988663648155625e-05, "lr": 7.988663648155625e-05, "data_time": 0.21748218536376954, "loss": 2.7564122994740803, "loss_cls": 1.9630660216013591, "loss_bbox": 0.7933462778727214, "time": 0.41730237007141113, "epoch": 1, "iter": 15, "memory": 1462, "step": 15}
