{"base_lr": 3.555233464028593e-05, "lr": 3.555233464028593e-05, "data_time": 0.22085251808166503, "loss": 2.7060033798217775, "loss_cls": 1.8750198841094972, "loss_bbox": 0.8309835076332093, "time": 0.6045607089996338, "epoch": 1, "iter": 5, "memory": 1511, "step": 5}
